{
    "accuracy": 0.9401343921808186,
    "precision": 0.803921568627451,
    "recall": 0.7387387387387387
}
