{
    "accuracy": 0.9456322541233965,
    "precision": 0.8375634517766497,
    "recall": 0.7432432432432432,
    "auc": 0.9389886352783879
}